{
    "depth": 5,
    "learning_rate": 0.29731176900667866,
    "l2_leaf_reg": 7.131875916404689e-08,
    "random_strength": 4.953331414034946e-06,
    "bagging_temperature": 0.204759048712155,
    "border_count": 190
}