{
    "learning_rate": 0.028414792283929843,
    "num_leaves": 62,
    "max_depth": 10,
    "min_child_samples": 46,
    "subsample": 0.645209418114804,
    "colsample_bytree": 0.8832829051166367,
    "reg_alpha": 4.525503194174542e-07,
    "reg_lambda": 7.290849490307852e-05
}