{
    "max_depth": 9,
    "min_child_weight": 7,
    "learning_rate": 0.12688996739620345,
    "n_estimators": 846,
    "gamma": 0.032537918839191105,
    "reg_alpha": 4.714958436497499,
    "reg_lambda": 3.237417655214124,
    "subsample": 0.8148533995968621,
    "colsample_bytree": 0.946760070343784
}