Model,Default_F1,Default_LogLoss,Tuned_F1,Tuned_LogLoss,LogLoss_Lift_Pct,F1_Lift_Pct
LightGBM,0.9980261430540324,0.0096822100799646,0.998014829896583,0.008028858315211038,17.07618148231304,-0.0011335532168306299
XGBoost,0.9978909661700816,0.0092096820261356,0.9980564575863565,0.008418694172266305,8.588655413124993,0.01658411809359641
CatBoost,0.9985114175218548,0.0134010456129296,0.9984397420917894,0.008761641455108686,34.61971768340765,-0.007178228391544325
