Model,Train_F1_Macro,Val_F1_Macro,Val_LogLoss,Overfitting_Gap
CatBoost,0.9994241161401011,0.9985114175218548,0.01340104561292961,0.0009126986182462771
LightGBM,0.999946838570146,0.9980261430540325,0.009682210079964624,0.001920695516113513
XGBoost,1.0,0.9978909661700816,0.009209682026135625,0.0021090338299184497
Random Forest,1.0,0.9971471648607886,0.022923066673129672,0.002852835139211418
Neural Network (MLP),0.9981644911318042,0.9965342739827974,0.013582157150700633,0.0016302171490067963
Extra Trees,1.0,0.9944275370670019,0.05688254886791482,0.005572462932998068
KNN,0.9798482926309058,0.9733607832360518,0.1259596437640732,0.006487509394853985
Logistic Regression,0.9675879021585394,0.9649833503834134,0.1183956760286919,0.002604551775125974
