Model,Train_F1,Val_F1,Val_LogLoss
Logistic Regression,0.9504528313748641,0.9505673263208505,0.1183956760286919
Random Forest,1.0,0.9950730787918973,0.022923066673129672
XGBoost,1.0,0.9963580029039363,0.009209682026135625
LightGBM,0.9999081866870696,0.9967153010792679,0.009682210079964624
